<?xml version="1.0" encoding="UTF-8"?><?xml-stylesheet type='text/xsl' href='_UpgradeReport_Files/UpgradeReport.xslt'?><UpgradeLog>
<Properties><Property Name="Solution" Value="iManagement">
</Property><Property Name="Solution File" Value="D:\TripodSystems\Development\James Muricho - Trip1\Systems\iManagement Systems\Code\Part 1\iManagementClasses\iManagement.sln">
</Property><Property Name="Date" Value="Tuesday, October 03, 2006">
</Property><Property Name="Time" Value="14:44 PM">
</Property></Properties><Event ErrorLevel="0" Project="" Source="iManagement.sln" Description="Solution converted successfully">
</Event><Event ErrorLevel="3" Project="" Source="iManagement.sln" Description="Converted">
</Event></UpgradeLog>